,,ラッコツール→,https://related-keywords.com/,,,,,,,,,,,,,,,,,,
,対策KW,,,,"💡このシートの用途：競合見出しを洗い出して、自社で作る見出しの網羅性を担保するため。
構成作成において、「競合にあって自社にないトピック」が出ないようにすることが目的です。",,,,,,,,,,,,,,,,
,順位,1位,2位,3位,4位,5位,6位,7位,8位,9位,10位,,,,,,,,,,
,title,2000円札は発行停止になった？今から手に入れる方法を紹介 | 古銭買取専門店アンティーリンク,今やほとんど見かけなくなった2000円札がなんと「21万円」に大化け！エラー紙幣でもないのに一体なぜ!? [社会ニュース] All About,『二千円札』はどこへ消えた？ | テンミニッツ・アカデミー,二千円紙幣 - Wikipedia,二千円札の価値を徹底解説！高額買取されやすい特徴や今後価値が上がるかなど｜骨董品に関するコラム【骨董・古美術-日晃堂】,今では｢二千円札｣をすっかり見かけない背景 発行から20年余りで忘れゆく紙幣に… | 国内経済 | 東洋経済オンライン,2000円札　なぜ目にしない？　理論通りならもっと普及 - 日本経済新聞,"2,000円札を最近見かけない | ロジ・ソリューション株式会社",レジで「2000円札」を出したら「使えませんけど…」と言われた！ 昔のお金って“拒否される”のですか？「旧紙幣の取り扱い」を確認（ファイナンシャルフィールド） - Yahoo!ニュース,いまやプレミア！　「二千円札」が入手困難な理由とは？,新紙幣発行の影で忘れられている「2000円札」　実は流通量5倍に増えてる県も　人気の理由は？：東京新聞デジタル,2000円札って、一体どこに消えちゃったんですか？｜HALMEK up（ハルメクアップ）,20年ぶりの新紙幣発行も…消えた“あのお札”は今どこへ？調べてみると衝撃の事実が明らかに | TBS NEWS DIG (2ページ),忘れないで２千円札　刷新見送られた理由、財務省に聞いた【WEB限定記事】 | 沖縄タイムス＋プラス,「忘れられた紙幣」あの「二千円札」は、どこへいってしまったのか？ | TABI LABO,2000円札発行から四半世紀 : ほとんど忘れられた存在？ 沖縄では現役です！ | nippon.com,【相場がわかる】2000円札はどこへ消えたのか？そして2000円以上の価値はあるのか調べてみた| ヒカカク！,源氏物語外伝・２千円札はなぜ消えた｜長谷川美智子,機械や店舗の運用上の理由 店で使わぬ2000円札が拒否される理由 (2025年11月8日掲載) - ライブドアニュース,消えた2千円札を探せ　今も1億枚が現役…沖縄では流通増えていた
,description,かつて大きな話題を呼んだ2000円札。当時の熱狂とは対照的に、使い勝手の悪さなどから次第に姿を消し、今では「発行停止になった」と噂されるほど影が薄くなってしまいました。本記事では、2000円札が普及しなかった理由や発行停...,2025年2月9日に終了した、「第121回入札誌『銀座』」から、2000円札の落札結果を取り上げます。なんと落札結果は100倍以上の21万円（落札手数料込みで24万4650円）。なぜこのような高額落札となったのか、解説していきます。,みなさんは、二千円札を覚えていますか。お札といったら、千円札、五千円札、一万円札が一般的ですが、かつて二千円札というものが発行されていました。できてからしばらくは、「月に何回か目にしたことがある」とい…,,,間もなく、2019年も年末を迎える。サラリーマンにとってはボーナス、年末年始の帰省費用、お年玉の準備など、お金が動く時期だ。金融機関におけるATMの混雑は年末の風物詩になっている。そうした中で一向に目にし…,「授業で先生がちょうど10年前の2000年に二千円札ができたって教えてくれたけど、見たことないわ」。事務所で小学生の伊野辺詩音が尋ねた。「僕もしばらく使っていないな」と探偵、松田章司。「よし、調べてみよう」2人はお札を発行する日本銀行に聞きに行った。世の中に出回る二千円札は3月末時点で1億1000万枚。一万円の71億枚、千円の36億枚よりはるかに少なく、お札全体の中で二千円札の比率は0.9%だ,"消えた2000円札皆さんは最近2,000円札を見ましたか?私は殆ど、と言うより全く見かけません。そこで、2,000円札について少し振り返ってみます。西暦2000年と沖縄サミットをきっかけにして小渕総理大臣(当時)が発案し、守礼門がデザインさ...",コンビニで2000円札を出したら、まじまじと見られて首をかしげられたという経験をした人もいるかもしれません。2000円札は、西暦2000年とその年に開催された九州・沖縄サミットを記念して発行された紙,二千円札、入手困難な理由とは？  一度は脚光を浴びたものの、その後めっきり姿をみかけなくなった「二千円札」。今も正式に流通されている紙幣でありながら、ほとんど手にする機会がない。もしろ、「プレミアがつくのでは？」と思ってしまうほど...,20年ぶりとなる新デザインの紙幣の発行が7月3日に迫ってきた。そんななか、蚊帳の外に置かれているのが、利用が低迷している2000円札。...,いいえ、消えてはいません。現在は製造を中止していますが、れっきとした「通常の日本銀行券」なんです。（キッパリ！） 2000円札、そう思い起こせば、沖縄サミットと西暦2000年（ミレニアム）を機に、ちょうど2000年に発行されたんですよね。 「1」と「5」以外の単位ということや、表面が人じゃなかったりと珍しいお札でした。発行前から注目されて、交換開始の当日には、銀行の前に長蛇の列ができたんですよね。 あれだけ注目されて誕生したにもかかわらず、最近はさっぱり見かけないですね。ほとんどの銀行やコンビニのATM、鉄道の券売機でも2000円札は使えなくなっています。 いったいどこに行ってしまったのでしょう？ 珍しいお札なので使わずに保管している方もいると思いますが、実は、ある調査で県民の6割が最近見たというエリアがあるんです。 えっ？　それってどこか気になりますよね。 答えは沖縄県。2000円札の表面には、沖縄の世界遺産・首里城の表門である守礼門が描かれています。数年前まで知事をトップに「県民1人に2000円札を3枚持ってもらおう」という呼びかけを行っていたのだそうです。 沖縄といえば海外からの観光客がたくさん押し寄せていますね。彼らが、自国の両替所で日本円に交換する際、実は100ドル分の日本紙幣パッ...,この7月から新たなデザインとなった日本の紙幣。連日の新紙幣についてニュースを見ていてふと筆者の中にある紙幣の存在が浮かび上がってきました。「一時期話題になった“あのお札”最近…いや、だいぶ前から見て… (2ページ),政府は２０１９年４月９日、１万円、５千円、千円札の紙幣を刷新することを発表した。しかし、１枚、刷新されないお札がある。沖縄の守礼門が描かれた２千円札だ。なぜ、このタイミングで刷新されないのか。,1000年に一度「ミレニアル」の節目の年、そして沖縄県名護市で開催された主要国首脳会議（九州・沖縄サミット）を記念して誕生した、42年ぶりの新紙幣「二千円紙幣」。,あまりにレアなので、支払いに使おうとすると「これ、本物ですか？」と疑われることもあるとか…。でも、沖縄ではATMで手軽に出金できるそう。,更新日:2025/04/03 最近見掛ける機会が少なくなった円札に対して「希少価値が高いのではないか？」と考える人は非常に多い。未だに旧円札や旧円硬貨などと共に、大事に保管している人も多いのではなかろうか。しかし実際は、一般的に使われている円、円、円札と同等の扱いということで、買取店に持ち込んでも高値査定は期待できない品目なのだ。というより円札は円でしか売れない。そこで気になるのはなぜ価値が高くないのか。今回はそんな円札にあまり価値のない理由について解説しよう。また、実は高く売れる円札もある。…,いづれの御時にか、とある国のとある宰相、２千円札なるものを発行しようと思いついたのでございます。宰相は近侍する官僚を呼び寄せました。  「素晴らしい思い付きでございます」「そう思うか。ところで札の図柄だが、今までにない雅なものにしたいのだが」「素晴らしいことで」「ならば、宰相さま。源氏物語など使ったらいかがでしょう」  「それはいい。外国にも自慢できる。何しろ紫式部は、世界10大偉人の１人であるからのう」「源氏物語絵巻とかいう物があるらしいので、その方面から絵を取りましょう」「制作の過程は極秘としよう」「雑音が混じるとめんどうになるからの」  官僚たちの特別秘密チームが編成されましたが,2000円札は事実上、2003年を最後に発行が止まっている。しかし、流通量が激減していても、今でも有効な日本銀行券だという。法律上は有効に使えるが、店で「使えない」と言われてしまうことがあるそう,つい最近、お釣りで2千円札をもらいました。そういえば、このごろ全く見なくなりました。どこに消えてしまったのでしょうか。まだ流通しているのか調べてみたところ、1億枚近くがいまだに世間に存在していることが判明。さらに、沖縄では年々増えていたこ
,url,https://antylink.jp/blog/37431/,https://allabout.co.jp/gm/gc/509367/,https://10mtv.jp/pc/column/article.php?column_article_id=681,https://ja.wikipedia.org/wiki/%E4%BA%8C%E5%8D%83%E5%86%86%E7%B4%99%E5%B9%A3,https://nikkoudou-kottou.com/blog/kosen/23824,https://toyokeizai.net/articles/-/315309?display=b,https://www.nikkei.com/article/DGXDZO09035710R10C10A6W02100,https://logi-solu.co.jp/archives/2397,https://news.yahoo.co.jp/articles/832851b703248c0e5af9e26a10dcbd1c5812cd53,https://life.oricon.co.jp/rank_netbank/news/2058418/,https://www.tokyo-np.co.jp/article/333038,https://halmek.co.jp/qa/6,https://newsdig.tbs.co.jp/articles/-/1275116?page=2,https://www.okinawatimes.co.jp/articles/-/406888,https://tabi-labo.com/304104/wdt-millennials-bill,https://www.nippon.com/ja/japan-data/h02483/,https://hikakaku.com/blog/all-category/old-coins/the-old-bill/528/,https://note.com/kusaotoko/n/neb074f1bfbf3,https://news.livedoor.com/topics/detail/29944048/,https://withnews.jp/article/f0180709000qq000000000000000W07z10301qq000017591A
,headline count,25,6,5,26,22,3,48,13,7,6,8,6,54,5,2,12,23,3,6,47
,word count,7599,2968,2480,21156,8779,6153,8618,6220,3090,4883,3950,3810,3467,4524,4423,1076,10339,2562,8622,4613
,headline,h1:2000円札は発行停止になった？今から手に入れる方法を紹介,h1:今やほとんど見かけなくなった2000円札がなんと「21万円」に大化け！エラー紙幣でもないのに一体なぜ!?,h1:『二千円札』はどこへ消えた？,h2:目次,h1:二千円札の価値を徹底解説！高額買取されやすい特徴や今後価値が上がるかなど,h3:コンテンツブロックが有効であることを検知しました。,h1:2000円札　なぜ目にしない？　理論通りならもっと普及,"h1:2,000円札を最近見かけない",h1:Yahoo!ニュース,h1:いまやプレミア！　「二千円札」が入手困難な理由とは？,h1:新紙幣発行の影で忘れられている「2000円札」　実は流通量5倍に増えてる県も　人気の理由は？,h1:HALMEKUP,h1:20年ぶりの新紙幣発行も…消えた“あのお札”は今どこへ？調べてみると衝撃の事実が明らかに,h1:忘れないで２千円札　刷新見送られた理由、財務省に聞いた【WEB限定記事】,h1:「忘れられた紙幣」なぜ、2000円札は出回らなくなってしまったのか？,h1:2000円札発行から四半世紀 : ほとんど忘れられた存在？ 沖縄では現役です！,h1:【相場がわかる】2000円札はどこへ消えたのか？そして2000円以上の価値はあるのか調べてみた,h1:,h1:機械や店舗の運用上の理由 店で使わぬ2000円札が拒否される理由,h1:withnews                                                                                                                              withnews                                                                                                     withnews
,,h2:2000円札は発行停止になったのはなぜ？,h2:エラー紙幣ではないのになぜ？,h2:二千円札は記念紙幣ではない,h1:二千円紙幣,h2:読まれています,h1:今では｢二千円札｣をすっかり見かけない背景      発行から20年余りで忘れゆく紙幣に…,h2:レジでも用意せず,h2:消えた2000円札,h1:レジで「2000円札」を出したら「使えませんけど…」と言われた！ 昔のお金って“拒否される”のですか？「旧紙幣の取り扱い」を確認,h2:関連リンク,h2:◆20ドルや20ユーロは一般的なのに…,h1:2000円札って、一体どこに消えちゃったんですか？,h2:2千円札はどこに消えたのか　調べてみると…,h4:#2千円札,h4:FOR YOU,h2:ミレニアムイヤーに発行された2000円紙幣,"h3:2,000円札はなぜ価値がないのか？",h1:源氏物語外伝・２千円札はなぜ消えた,h2:ざっくり言うと,h1:消えた2千円札を探せ　今も1億枚が現役&hellip;沖縄では流通増えていた
,,h3:2003年の時点で製造中止している,h2:2000円札のエラーやキリ番などは価格上昇傾向か,h2:意外と便利な二千円！？,h2:一覧,h2:二千円札について,h2:いったい、二千円札はどこに行ったのか？,h2:おつりで便利？,h2:何故、2000円札は消えたのか,h2:2000円札は正式な「現行紙幣」,h3:注目コンテンツ,h2:◆統計上は旧500円札をも下回る,h2:人気記事ランキング,h2:DIG編集部Originals,h4:#財務省,,h3:【資料】,h4:沖縄では大量流通している,h2:いいなと思ったら応援しよう！,h2:トピックス,h2:目次
,,h3:流通数は全紙幣の1%以下,h2:あわせて読みたい,h2:なぜ製造中止になったのか？,h2:D号券,h3:特徴,,h2:紛らわしいと不評,h2:アーカイブ,h2:法律上は使えるのに「なぜ？」拒否される本当の理由,h3:特集カテゴリ一覧,h2:経済の新着,h3:雑誌ハルメク,h3:【全文公開】「今度はもっと良い仕事をしていきたい」“ホテル密会”で辞職の小川晶氏が再選　支援者前にコメント　声を詰まらせる場面も,h3:■発行したものの、流通拡大しない２千円札,,h2:,h4:銀行の金庫に眠っている,,h2:ライブドアニュースを読もう！,h2:2000年に誕生
,,h3:紙幣として馴染まなかった,h2:人気記事ランキング,h2:二千円札が4000万枚以上流通している県がある,h3:紙幣の様式,h3:発行経緯,,h2:広がるキャッシュレス決済、現金支払い拒否は合法か,h2:関連記事,h3:【関連記事】,h3:ネット銀行オリコン顧客満足度ランキング,h2:ニュースランキング,h2:関連記事,h3:「私が死んだら引き取る人がいません」増加する孤独死の現実　希薄化するつながりの中で“死者の尊厳を守る”自治体の取り組みと思い,h3:■沖縄のＡＴＭでよく出る２千円札,,h2:,h3:エラー紙幣なら高価買取が狙える,,h2:ランキング,h2:新札は15年出ていません
,,h3:2000円札が利用可能な機械が少ない,h2:社会ニュース,,h3:裏面の詞書,h3:消えた理由,,h2:米造幣局、1セントに終止符　コスト額面の4倍で最後の生産,h3:センコーグループホールディングス株式会社の中継輸送施設　TSUNAGU STATION浜松竣工のお知らせ,h2:アクセスランキング（ライフ）,h3:オリコン顧客満足度ランキング,h2:イベント情報,h2:注目の記事,h3:「こんな痛いと思わなかった」…のどだけじゃなく、『餅が詰まって腸閉塞』にもご注意を,,,h2:,h4:JL券,,h2:主要ニュース,h2:最強の沖縄
,,h2:今から2000円札を手に入れる方法,,,h3:偽造防止技術,h2:古銭買取なら、日晃堂にお任せください。,,h2:ランチや文庫本…崩れる「1000円の壁」　消費にメリハリ,h3:【お知らせ】センコー・福山通運が共同輸送を開始　～TSUNAGU STATIONを活用し、輸送力の減少問題解決へ～,h2:雑誌アクセスランキング（ライフ）,,h2:【PR】企画特集,,h2:注目の記事,,,h2:,h4:AA券,,,h2:ATMからいくらでも出てきます
,,h3:銀行や郵便局の窓口で両替してもらう,,,h3:記番号エラー紙幣,h2:二千円札の価値,,h2:田中角栄　私の履歴書（10）故郷をあとに,h3:年末のご挨拶,,,h2:PRイチオシ情報,,h3:「雪も積もれば水とならない!?」降雪量1センチなのに”降水量0ミリ”の謎　32日連続降水量0ミリ記録の仙台,,,h2:,h3:エラー紙幣を見つけることが現金化の鍵,,,h2:2千円札の未来は&hellip;
,,h3:オークションサイトで購入する,,,h2:経緯,h2:二千円札で高額買取されやすいもの,,h2:速報ニュース,h3:「至誠」が伝わるコミュニケーションとは：全てをビジネスメールに頼ることの危険さ,,,,,h3:｢40年の医師生活で初めて｣インフルA型収束後にB型が大流行… 検査しても“隠れ陽性”は20％以上,,,h2:,h3:紙幣の買取をしている専門店,,,h2:リクエスト募集中
,,h3:古物商で購入する,,,h3:発行に至るまでの経緯と背景,h3:記番号がレア,,h2:アクセスランキング,h3:リスクマネジメントについて：国によるインフルエンザ対策の違い,,,,,h3:富山県議会「議員バッジ」を14金から銀へ変更！金高騰でコスト2.5倍、8割削減の決断,,,h2:,h3:二千円札の買取ならおたからや,,,h2:あの頃みんな2千円札に熱狂していた！　2000年にタイムスリップ
,,h3:沖縄県では今でも流通している,,,h3:発行開始以降の動向,h3:初期ロット,,h2:特集記事（PR）はこちら,h3:事業継続計画（BCP)を見直すことの大事さ,,,,,h3:『急性骨髄性白血病』命と向き合う美術家が作る“自身の分身”「骨髄をぐりぐり、ずっきゅんずっきゅんとでっかい注射で引っ張る」小さな人形に込められた祈り,,,h2:,h3:紙幣の扱いもある野崎コイン,,,h2:関連記事
,,h3:入手後も「保管状態」の維持が重要,,,h3:沖縄県における状況,h3:エラー紙幣,,h2:肥満注意、太るとなぜ血圧が上がる？,h3:カテゴリー,,,,,h3:川の渇水でアユ遡上できない⋯水量激減で海まで繫がらず、河口を重機で掘り“繋げる”毎日【高知・物部川　雨不足・水不足】,,,h2:,h3:福ちゃん,,,h3:5円玉、「漢数字だけ」の謎を追う　洋数字入りの契機は「ギザ10」？
,,h2:守礼門 2000円札の買取実績,,,h2:普及しない現状とその理由,h3:JL券,,h2:50歳以降のキャリアチェンジのコツ,h3:ロジ・ソリューションの書籍,,,,,h3:長～～い…まるで妖怪「一反木綿」？青空を優雅に舞う “春一番” の落とし物　見かけたら要注意　熊本県益城町,,,,h3:スピード買取.jp,,,h3:縁ギザギザの「ギザ10」…1枚8万円？　なぜ生まれた、価値に迫る
,,h3:守礼門 2000円札 階段（123456）[静岡県浜松市],,,h3:利用環境,h2:二千円札は今後価値が上がる？,,h2:40代、自分らしく働くキャリア戦略,,,,,,h3:トランプ「相互関税」は違法　米最高裁が判断　トランプ大統領 全世界に10%の新たな関税導入する考え,,,,h3:まとめ,,,h3:「心臓発作にならない方法」求め、増えるボードゲームカフェに潜入
,,h2:額面以上の価値がある2000円札,,,h3:紙幣取扱機器の対応状況,h2:二千円札は日晃堂がお買取いたします,,h2:日経と言えば「経済知力研修」,,,,,,h3:NYダウ終値 230ドル以上値上がり　米最高裁がトランプ「相互関税」は違法との判断示す,,,,h3:運営会社,,,h3:男も満足「ネイルサロン」でもらった「やる気」　爪かじりの深爪が…
,,h3:初めての方も安心！アンティーリンクの買取サービス,,,h4:自動販売機・自動券売機,h2:おわりに,,h2:３段階拡張型大型スリングバッグ,,,,,,h3:トランプ大統領 3月31日から訪中　習近平国家主席と首脳会談へ　貿易・台湾問題など議論する見通し,,,,h3:買取業者を地域から探す,,,h3:「落ちたら死ぬ」酷道157号で見たものは…「もう勘弁してくれ！」
,,h2:2000円札の発行停止に関するよくある質問,,,h4:現金自動預け払い機（ATM）・両替機,h2:古銭買取なら、日晃堂にお任せください。,,h2:ヴァンクリ「アルハンブラ」で幸運を,,,,,,h3:髙木美帆、得意の1500mでまさかの6位...首位ペースも最後の200mで失速、メダル逃し涙止まらず【ミラノオリンピック】,,,,h3:,,,h2:PICKUP PR
,,h3:2000円札が欲しい時はどうすればいいですか？,,,h4:キャッシュレジスター・自動釣銭機,h3: 関連記事,,h2:“生きた彫刻”に住む贅沢,,,,,,h2:オリジナル動画,,,,h3:,,,h3:幅広い「見えない」に対応　日常生活の不便を減らすために
,,h3:二千円札が普及しない理由は何ですか？,,,h3:日本国外との比較,h3:カテゴリーから記事を探す,,h2:英国の元祖「鉄の女」の素顔とは,,,,,,h3:JNNドローンDIG,,,,h3:,,,h3:互いに支え合い将来を選べる社会を目指し、ろう者として挑戦を続ける
,,h3:沖縄で2000円札が多い理由は何ですか？,,,h2:その他二千円紙幣に関する事項,h2:古銭買取についてのご相談・ご依頼はコチラ,,h2:セレクション,,,,,,h3:シノキャリ,,,,h3:,,,h2:PR記事
,,h2:2000円札は現在も使える？現状と入手方法のまとめ,,,h2:変遷,h2:高い専門性を誇る日晃堂の買取品目,,h2:トレンドウオッチ,,,,,,h3:WORLD REPORTS,,,,h3:,,,h3:「未来の可能性を信じたい」壮大なアニメ主題歌「愛詩」に込めた思い
,,h3:今から2000円札を手に入れるには？,,,h2:脚注,h2:日晃堂の店頭買取,,h2:日経ビジネス,,,,,,h2:アクセスランキング,,,,h3:,,,h3:「武器を持たないロボット」に託されたヤンマーのデザイン哲学とは
,,h3:将来的な価値上昇の可能性も,,,h3:注釈,,,h2:日経クロステック,,,,,,h3:母親「夜中1人泣きながら遺書を書いたこともあった」いわれのない見ず知らずの少年…,,,,h3:電話で即時査定可の業者,,,h3:「未来は自分たちの手で」あのヤンマーがTVアニメを作ったワケ
,,h3:関連記事,,,h3:出典,,,h2:NIKKEI Prime,,,,,,h3:5男4女の11人家族　末っ子誕生に密着　予定日1週間前、検診時に子宮口6センチで緊急…,,,,,,,h2:新着記事
,,h3:記事監修（鑑定士）,,,h2:参考文献,,,h2:日経BizGate,,,,,,h3:見ず知らずの少年に暴行を受け息子（16）は命を奪われた「主人は怒りのような声を上…,,,,,,,h3:職歴は「30くらい」　日本語版ウィキ最古参のユニークすぎる人生
,,,,,h2:外部リンク,,,h2:NIKKEIリスキリング,,,,,,h3:髙木美帆、もう誰も止められない ！ 世界記録を持つ1500ｍで『金』狙う　日本は長野…,,,,,,,h3:ウィキペディアが25周年　日本語版〝創設メンバー〟が初顔出し
,,,,,,,,h2:日経ウーマノミクス,,,,,,h3:「出来心でやってしまった」80代シルバー人材センター会員が市営駐車場で不正　無料…,,,,,,,h3:看護師から専業主婦へ　夫の転勤先に帯同、引っ越し先で〝ギャップ〟
,,,,,,,,h2:NIKKEI Smart Work,,,,,,h3:見知らぬ少年から理不尽な暴行を受け息子（16）は命を奪われた　母親が訴える被害者…,,,,,,,h3:算数、裁縫&hellip;「竹尺」生産終了が話題に　国内メーカー「苦渋の決断」
,,,,,,,,h3:ニュースレターを登録すると続きが読めます（無料）,,,,,,h3:「事件当日、息子は大好きなX JAPANの曲で目を覚まし、朝ごはんも食べずに家を出て…,,,,,,,h2:ランキング
,,,,,,,,h2:News Catch Up,,,,,,h3:ほぼ日本全域で25日頃から「この時期としては10年に1度程度しか起きないような著し…,,,,,,,h3:算数、裁縫&hellip;「竹尺」生産終了が話題に　国内メーカー「苦渋の決断」
,,,,,,,,h2:ご登録ありがとうございました。,,,,,,h3:【速報】オホーツク海で流氷に乗った20代くらいの男性2人が沖に流される　通報から1…,,,,,,,h3:起きたら夜「何もできないじゃん」&hellip;がっかりした休日でも　夜廻り猫
,,,,,,,,h2:登録できませんでした。,,,,,,h3:「付き合っていた女性とエッチするのは当然」別れ話を持ちかけてきた31歳の交際女性…,,,,,,,h3:別所哲也さんが振り返る　妊娠28週1169gで生まれた長女の成長
,,,,,,,,h2:登録できませんでした。,,,,,,h3:母親「夜中1人泣きながら遺書を書いたこともあった」いわれのない見ず知らずの少年…,,,,,,,h3:34週1787gの長女を出産　モデル静まなみさん、妊娠中に入院も
,,,,,,,,h2:登録済みです。,,,,,,h3:ほぼ日本全域で25日頃から「この時期としては10年に1度程度しか起きないような著し…,,,,,,,h3:同窓会で〝ワタナ部の坂田君〟　重大な記憶違い発生&hellip;「惜しい！」
,,,,,,,,h3:_,,,,,,h3:5男4女の11人家族　末っ子誕生に密着　予定日1週間前、検診時に子宮口6センチで緊急…,,,,,,,h3:〝先生なのに芸人級〟20歳差の都立高担任コンビ　M-1予選で熱演
,,,,,,,,h2:日本経済新聞社の関連サイト,,,,,,h3:髙木美帆、もう誰も止められない ！ 世界記録を持つ1500ｍで『金』狙う　日本は長野…,,,,,,,h3:〝異形〟に魅せられ「妖怪」を描く　コーヒーで古紙風に表現する画家
,,,,,,,,h2:日本経済新聞社の関連サイト,,,,,,h3:【速報】貨物船と遊漁船が衝突 13人が海に投げ出される 少なくとも1人心肺停止 8人…,,,,,,,h3:生活費払わず、「家賃」請求する夫…それでも離婚を拒否する妻の事情
,,,,,,,,h2:イベント・セミナー,,,,,,h3:見ず知らずの少年に暴行を受け息子（16）は命を奪われた「主人は怒りのような声を上…,,,,,,,h3:記事のPVに差がある理由　プラットフォームで超読まれたとしても…
,,,,,,,,h2:教育・キャリア,,,,,,h3:【速報】オホーツク海で流氷に乗った20代くらいの男性2人が沖に流される　通報から1…,,,,,,,h3:なぜ若者は新聞を読まないのか　ポッドキャストを配信して見えたこと
,,,,,,,,h2:各種サービス,,,,,,h3:寺が全焼　焼け跡から5人の遺体…子ども含む家族５人と連絡取れず　「助けて」と消…,,,,,,,h2:最新のニュースを受け取る
,,,,,,,,h2:日本経済新聞社の関連サイト,,,,,,h3:パワハラ受け若手職員が自殺　賠償金の一部負担を求められた上司が支払いに応じず県…,,,,,,,h2:PICKUP PR
,,,,,,,,h2:イベント・セミナー,,,,,,h3:「出来心でやってしまった」80代シルバー人材センター会員が市営駐車場で不正　無料…,,,,,,,h3:幅広い「見えない」に対応　日常生活の不便を減らすために
,,,,,,,,h2:教育・キャリア,,,,,,h3:【東京２３区 積雪か？】平地でも雪のおそれ  交通障害  路面の凍結  注意【雪シミ…,,,,,,,h2:おすすめPR
,,,,,,,,h2:各種サービス,,,,,,h3:【速報】「運転席まで潰れている」と通報　トラック2台と軽乗用車の玉突き事故　軽…,,,,,,,h3:「武器を持たないロボット」に託されたヤンマーのデザイン哲学とは
,,,,,,,,h2:日本経済新聞社について,,,,,,h3:住民の血液から高濃度PFAS　アメリカの指標の110倍を超える値も　飲用井戸から全国…,,,,,,,h3:「未来の可能性を信じたい」壮大なアニメ主題歌「愛詩」に込めた思い
,,,,,,,,h2:日本経済新聞社について,,,,,,h3:客の指示を無視して警察へ直行…マンボウタクシーの運転手　常連客救った‟とっさの…,,,,,,,h3:「未来は自分たちの手で」あのヤンマーがTVアニメを作ったワケ
,,,,,,,,h2:日本経済新聞社について,,,,,,h3:病床で「満面の笑み」浮かべた翌日に容体が急変　自転車で帰宅中に事故にあったあゆ…,,,,,,,h2:Q                                                                                取材リクエストする
,,,,,,,,h2:日経電子版について,,,,,,h3:医師は「もう無理ですよ」と…眠るようにベッドに横たわる娘（当時14）自転車で帰宅…,,,,,,,
,,,,,,,,,,,,,,h3:女児は今も意識不明「回復する見込みはない」医師から告げられ3年…不正改造車から…,,,,,,,
,,,,,,,,,,,,,,h3:【 妻夫木聡 】主演男優賞獲得も「吉沢亮君がこの場に立つと思っていた」と本音　盟…,,,,,,,
,,,,,,,,,,,,,,h3:北日本から北陸　“冬の嵐”の見込み　「猛吹雪」のおそれも　-39℃前後の非常に強…,,,,,,,
,,,,,,,,,,,,,,h3:「ふだんから刃物を...」大阪・道頓堀刺殺事件　知人らが語る21歳容疑者の人物像「…,,,,,,,
,,,,,,,,,,,,,,h2:各エリアのニュースを見る,,,,,,,
,,,,,,,,,,,,,,h2:カテゴリ,,,,,,,