,,ラッコツール→,https://related-keywords.com/,,,,,,,,,,,,,,,
,対策KW,,,,"💡このシートの用途：競合見出しを洗い出して、自社で作る見出しの網羅性を担保するため。
構成作成において、「競合にあって自社にないトピック」が出ないようにすることが目的です。",,,,,,,,,,,,,
,順位,1位,2位,3位,4位,5位,6位,7位,8位,9位,10位,,,,,,,
,title,ホログラムなしの一万円札は偽札？福沢諭吉の旧１万円紙幣 | 古銭買取専門店アンティーリンク,Yahoo!オークション -「旧一万円札 福沢諭吉」(貨幣) の落札相場・落札価格,旧一万円札の現在の価値とは？聖徳太子・福沢諭吉と分けて解説 - おいくらマガジン｜不用品のリサイクル・高く売るコツ,お札の基本情報　独立行政法人 国立印刷局,あふれケア | 横浜市西区・戸塚区の訪問看護とデイサービスならあふれケア,旧一万円札は銀行で交換できる？買取を選んだほうがいい種類も紹介 -ブランド品高価買取ならハッピープライス,Yahoo!オークション -「1万円札 ホログラムなし」の落札相場・落札価格,福沢諭吉の「1万円札」は2種類あるって本当？「ホログラムなし」だとめずらしい!? それぞれの違いを解説|ファイナンシャルフィールド|﻿その他暮らし,銀行券の偽造防止技術について ─ 一万円券（福沢諭吉）・五千円券（樋口一葉）・千円券（野口英世）─  : 日本銀行 Bank of Japan,,新しい日本銀行券特設サイト｜新しい一万円札について,一万円紙幣 - Wikipedia,諭吉の1万円札、ホログラムなくても「偽札」とは限らない…実は「2種類ある」旧札、見分け方や交換方法は？ 日本銀行に聞いた - 弁護士ドットコム,福沢諭吉 旧一万円札（ホログラム無し）の買取価格 | 古銭買取専門店アンティーリンク,,一万円札の歴代の人物は？古い一万円の価値は？2024年からは渋沢栄一に！ - 高く売れるドットコムマガジン,一万円券  : 日本銀行 Bank of Japan
,description,2004年（平成16年）に発行された紙幣（E号券）の「福沢諭吉ふくざわゆきち一万円札」と「樋口一葉ひぐちいちよう5000円札」から偽造防止としてホログラムが採用されました。お札の左下にあるキラキラとした部分で、角度によっ...,"「旧一万円札 福沢諭吉」(貨幣)関連の新品・未使用品・中古品の過去120日分の落札相場をYahoo!オークションで確認できます。約193件の落札価格は平均19,779円です。Yahoo!オークションは、誰でもかんたんに売り買いが楽しめるサービスです。",旧一万円札の現在の価値・買取相場について説明します。聖徳太子・福沢諭吉とデザイン別に紹介するので、価値が気になる人は参考にしてください。旧一万円札の売却先や買取業者の選び方、そしておすすめの買取業者なども紹介します。高値で買取してもらうコツもいくつか紹介しますね。,,,旧一万円札を所有している方の中には、銀行での交換を検討する方も多いのではないでしょうか。旧一万円札は銀行での交換よりも買取を選んだ方が良い場合があります。本記事は買取を選んだ方が良い紙幣の特徴に加え、買取時の注意点などを紹介しています。ぜひ参考にしてください。,"「1万円札 ホログラムなし」関連の新品・未使用品・中古品の過去120日分の落札相場をYahoo!オークションで確認できます。約86件の落札価格は平均16,528円です。Yahoo!オークションは、誰でもかんたんに売り買いが楽しめるサービスです。",福沢諭吉が描かれた1万円札は、日本で生活していれば日常的に目にする一般的な紙幣です。しかし、この紙幣には2種類あることに気がついている人は少ないかもしれません。実は、色やデザインが異なっている部分があるのです。この記事では、それぞれの1万円札の違いに触れたうえで、古いお札がいつまで使えるのかについて解説します。,,,新しい日本銀行券特設サイトの新しい一万円札についてのページです,,【弁護士ドットコム】旧1万円札が使えない。偽札ではないのか――。こんな内容の投稿がX上で話題になっている。  投稿によると、旧札には偽造防止のための「ホログラム」が入っていなかったという。  しかし、実は、福沢諭吉の描かれた旧1万円札は「2...,昭和59年、聖徳太子10000円にかわって発行された紙幣です。偽造防止対策を強化するため、1000円（夏目漱石）、5000円（新渡戸稲造）と共に改刷されました。表面は福沢諭吉で、この時期から、紙幣の肖像として文化人が採用...,,これまでの一万円札の歴代は２人でしたが、2024年から新たに１人加わります。一万円札になった人物やデザインの種類などとともに、旧札だと高く売れるのか、高く売れる一万円札はあるのかみていきましょう。,
,url,https://antylink.jp/blog/40954/,https://auctions.yahoo.co.jp/closedsearch/closedsearch/%E6%97%A7%E4%B8%80%E4%B8%87%E5%86%86%E6%9C%AD%20%E7%A6%8F%E6%B2%A2%E8%AB%AD%E5%90%89/20452/,https://oikura.jp/magazine/antique58057/,https://www.npb.go.jp/product_service/intro/kihon.html,https://afure-care.co.jp/?_g=2506107,https://gooddeal.jp/kosen/contents/old-10000-yen-bill-exchange/,https://auctions.yahoo.co.jp/closedsearch/closedsearch/1%E4%B8%87%E5%86%86%E6%9C%AD%20%E3%83%9B%E3%83%AD%E3%82%B0%E3%83%A9%E3%83%A0%E3%81%AA%E3%81%97/0/,https://financial-field.com/living/entry-274660,https://www.boj.or.jp/note_tfjgs/note/security/gizoe.htm,https://goemon-group.com/column/8577/,https://www.npb.go.jp/ja/n_banknote/design10/,https://ja.wikipedia.org/wiki/%E4%B8%80%E4%B8%87%E5%86%86%E7%B4%99%E5%B9%A3,https://www.bengo4.com/c_18/n_18619/,https://antylink.jp/buyinglist/12474/,https://www.cmmrizzi.com/?_g=3069582,https://www.takakuureru.com/magazine/30779,https://www.boj.or.jp/note_tfjgs/note/valid/past_issue/pbn_10000.htm
,headline count,21,56,37,36,7,49,54,5,9,35,1,18,19,9,0,61,3
,word count,7051,7433,9208,5292,1947,7758,6910,4541,4951,9019,1794,22879,3382,2826,0,10297,2890
,headline,h1:ホログラムなしの一万円札は偽札？福沢諭吉の旧１万円紙幣,h1:「旧一万円札 福沢諭吉」の商品一覧（終了180日分）,h1:旧一万円札の現在の価値とは？聖徳太子・福沢諭吉と分けて解説,h1:国立印刷局,h1:横浜市西区・戸塚区の訪問看護とデイサービスならあふれケア,h1:旧一万円札は銀行で交換できる？買取を選んだほうがいい種類も紹介,h1:「1万円札 ホログラムなし」の商品一覧（終了180日分）,h1:福沢諭吉の「1万円札」は2種類あるって本当？「ホログラムなし」だとめずらしい!? それぞれの違いを解説,h1:銀行券の偽造防止技術について― 一万円券（福沢諭吉）・五千円券（樋口一葉）・千円券（野口英世）―,h1:レアな旧一万円札の価値は？聖徳太子・福沢諭吉の記番号やピン札の買取相場を解説,h1:新しい日本銀行券特設サイト,h2:目次,h1:諭吉の1万円札、ホログラムなくても「偽札」とは限らない…実は「2種類ある」旧札、見分け方や交換方法は？ 日本銀行に聞いた,h1:福沢諭吉 旧一万円札（ホログラム無し）の買取価格,,h1:一万円札の歴代の人物は？古い一万円の価値は？2024年からは渋沢栄一に！,h1:一万円券
,,h2:ホログラムがないのは偽物？,h3:【日本全国】紙幣買取額5倍 - 「旧紙幣 一万円札」と検索された方へ,h2:【画像あり】旧一万円札の価値と買取相場,h1:お札の基本情報,h2:,h2:実はいまでも使える旧一万円札,h2:過去180日間に落札された1万円札 ホログラムなしの商品　86件,h2:福沢諭吉の1万円札には2種類ある,h2:一万円券,h2:レアな旧一万円札とは？価値が上がる特徴を解説,,h1:一万円紙幣,h2:●ホログラムも無く、機械にもはじかれる旧1万円札,h2:福沢諭吉 旧一万円札（ホログラム無し）の今日の買取価格,,h2:一万円札の肖像人物は3人,h2:平成19（2007）年4月2日発行停止
,,h3:ホログラムとは？,h2:過去180日間に落札された旧一万円札 福沢諭吉の商品　193件,h3:聖徳太子の旧一万円札,h2:F一万円券,h2:あふれケアの想い,h2:肖像画から見る旧一万円札の種類,h2:すべてのオークション,h2:旧札は使えなくなるのか？,h3:偽造防止技術の詳細,h3:AA券・ZZZ券,,h2:一覧,h2:●福沢諭吉が描かれた旧1万円札は2種類ある,"h3:ゾロ目（1,7）",,h3:聖徳太子,h2:昭和61（1986）年1月4日発行停止
,,h3:ホログラム導入の目的,h2:すべてのオークション,h3:福沢諭吉(ホログラムなし)の旧一万円札,h2:F五千円券,h3:あふれケア訪問看護ステーション,h3:聖徳太子,h3:旧紙幣 福沢諭吉 ホログラムなし 旧一万円札 新札 ピン札,h2:法的な特別措置がなければ、お札に使用期限はない,h2:五千円券,h3:エラープリント札,,h2:概要,h2:●偽札だと知った後に使用すると処罰される,"h3:ゾロ目（1,7以外）",,h3:福沢諭吉,
,,h3:ホログラム無しエラー紙幣,h3:旧札9Z 福沢諭吉 旧一万円札　 旧紙幣　現金書留　縁起が良い9Z 4枚　財布の中に入れといて下さい,h3:福沢諭吉(ホログラムあり)の旧一万円札,h2:F千円券,h3:あふれのデイカフェ,h3:福沢諭吉,h3:旧一万円札 ホログラムなし 大蔵省 ピン札 福沢諭吉 旧紙幣 一万円札,h3:出典,h3:偽造防止技術の詳細,h3:福耳紙幣,,h2:C号券,h2:オススメ記事,h3:000001,,h3:渋沢栄一,
,,h4:その他の福沢諭吉一万円札のエラー紙幣,h3:旧紙幣 福沢諭吉 ホログラムなし 旧一万円札 新札 ピン札,h2:旧一万円札はどこに売却できる？,h2:E一万円券,h2:ロゴの由来,h2:銀行で旧一万円札を交換することはできる？,h3:旧一万円札 ホログラムなし 大蔵省 ピン札 福沢諭吉 旧紙幣 一万円札！,,h2:千円券,h3:珍しい記番号の種類,,h2:D号券,h2:編集部からのお知らせ,h3:キリ番号（900000）,,h2:一万円札の種類,
,,h3:2024年の新札には3Dホログラム,h3:★旧一万円札　9z 　末尾9Z　未使用保管品　福沢諭吉　金運アップ　吉祥到来　一億円　縁起物,h2:旧一万円札を買取してくれる業者の選び方,h3:注目情報,h3:これからの介護を共に変える,h2:現在の旧一万円札の価値,h3:【1円スタート】MK000002N ホログラムなし　若番　未使用　旧一万円札　旧紙幣　新紙幣　福沢諭吉,,h3:偽造防止技術の詳細,h4:ゾロ目番号,,h2:E号券,h2:新着記事,h3:階段（123456）,,h3:聖徳太子C号券,
,,h2:福沢諭吉一万円札の高額買取ポイント｜エラー・レア記番号と保管の重要性,h3:23. 福沢一万円 A-A券 黒色 折り目なし 国立印刷局製造 福沢諭吉 旧一万円札,h2:旧一万円札を買取してくれるおすすめの業者8選,h4:福沢諭吉の一万円札は、2種類あることをご存じですか？,,h2:交換よりも買取を選んだほうがいい旧一万円札の種類10選,h3:福沢諭吉 一万円札 10000円札 日本銀行券 D券 ホログラムなし ピン札 FJ101583Z,,h2:偽造に関する主な取締法規,h4:キリ番号,,h2:F号券,h3:五輪金「りくりゅう」木原選手がディープフェイク被害か、衣装の「透け加工」は違法？,h3:逆階段（654321）,,h3:福沢諭吉D号券,
,,h3:価値をゼロにしないための「3つの保管鉄則」,h3:旧一万円札 ホログラムなし 大蔵省 ピン札 福沢諭吉 旧紙幣 一万円札,h3:福ちゃん,h2:E五千円券,,h3:1：印刷にミスやエラーがある,h3:福沢諭吉 一万円札 10000円札 日本銀行券 D券 ホログラムなし ピン札 連番6枚 UW405782J-UW405787J,,h3:主な取締法規,h4:階段番号,,h2:その他一万円紙幣に関する事項,h3:「要約問題が0点」英検1級で相次ぐ訴え…AIのミス？採点厳格化の影響？　協会「評価は何重にもチェックしている」,"h2:福沢諭吉 旧10,000円札（ホログラム無し）のサイズ",,h3:福沢諭吉E号券,
,,h2:コミケで「偽札騒動」ホログラムのない旧1万円札が原因だった,h3:旧一万円札 ホログラムなし 大蔵省 ピン札 福沢諭吉 旧紙幣 一万円札！,h3:おいくら,h3:注目情報,,h3:2：記番号がゾロ目である,h3:福沢諭吉 一万円札 10000円札 日本銀行券 D券 ホログラムなし ピン札 連番3枚 DP042880N-DP042882N,,,h4:サンドイッチ番号,,h2:未発行紙幣,h3:「全裸で引き回し」酒田南高野球部寮の暴力動画が再拡散、学校側は「投稿した被害者の退学処分」の噂を否定,,,h3:渋沢栄一F号券,
,,h2:福沢諭吉 旧10000円札の買取実績,h3:【1円スタート】MK000002N ホログラムなし　若番　未使用　旧一万円札　旧紙幣　新紙幣　福沢諭吉,h3:高く売れるドットコム,h4:ホログラムの透明層の形を、2014年5月発行分から変更しました。,,h3:3：きりの良い番号が並んでいる,h3:福沢諭吉 旧一万円札 ホログラムなし 大蔵省印刷局 　記番号　褐色　ピン札　T,,,h2:旧一万円札の種類と特徴,,h2:さらに高額の未発行紙幣,h3:育休復帰直後に「内勤配転」は無効、住宅設備会社の男性社員が「パタハラ」訴えた裁判で一部勝訴,,,h2:一万円札の価値や買取相場,
,,h3:福沢諭吉 旧10000円札（ホログラム無し）珍番「000001」[静岡県浜松市],h3:6789福沢諭吉 旧一万円札 コレクション 日本銀行券,h3:バイセル,h2:E千円券,,h3:4：記番号が階段状になっている,h3:旧一万円札 ホログラムなし 大蔵省 ピン札 福沢諭吉 旧紙幣 一万円札,,,h3:聖徳太子の旧一万円札,,h2:変遷,h3:奥谷県議が立花孝志氏を「名誉毀損」で訴えた裁判はじまる　注目のポイントを弁護士が解説,,,h3:銀行に持っていくと額面どおりの価値にしかならない,
,,h3:福沢諭吉 旧10000円札（ホログラム無し）1ゾロ目 珍番紙幣[静岡県浜松市],h3:福沢諭吉 旧一万円札 ホログラムなし 大蔵省印刷局 　記番号　褐色　ピン札　T,h3:日晃堂,h2:D二千円券,,h3:5：サンドイッチ番号になっている,h3:旧紙幣 福沢諭吉 旧一万円札 日本銀行券 ホログラムなし 一万円札 ピン札に近い 1万円札 10000円,,,h3:福沢諭吉の旧一万円札（ホログラムなし）,,h2:脚注,h3:「被保佐人は警備員になれない」は違憲、最高裁が初判断　原告男性「ちょっとうれしい。国会には早く改善してほしい」,,,h3:買取業者における買取相場,
,,h3:福沢諭吉 旧10000円札（ホログラム無し）珍番A-A[静岡県浜松市],h3:旧一万円札 ホログラムなし 大蔵省 ピン札 福沢諭吉 旧紙幣 一万円札,h3:大黒屋,h2:D一万円券,,h3:6：記番号がトップ番号である,h3:旧一万円札 ホログラムなし 大蔵省 ピン札 福沢諭吉 旧紙幣 一万円札！,,,h3:福沢諭吉の旧一万円札（ホログラムあり）,,h3:注釈,h2:アクセスランキング,,,h4:製造番号がゾロ目・連番,
,,h3:初めての方も安心！アンティーリンクの買取サービス,h3:1円 レア 旧紙幣 ゾロ目 珍番 折り目なし 福沢諭吉 一万円札 10000円札 UK777777S 日本銀行券,h3:おたからや,h2:D五千円券,,h3:7：福耳がついている,h3:福沢諭吉 一万円札 10000円札 日本銀行券 D券 ホログラムなし EY448931H,,,h2:レアな一万円札の買取相場,,h3:出典,h3:「バレないと思った」老人ホームで35人分を無断投票、不在者投票の悪用で有罪判決…大阪地裁,,,h4:AA券やZZ-Z券,
,,h2:よくある質問,h3:旧紙幣 福沢諭吉 旧一万円札 日本銀行券 ホログラムなし 一万円札 ピン札に近い 1万円札 10000円,h3:おお蔵,h2:D千円券,,h3:8：AA券である,h3:福沢諭吉 旧紙幣 ゾロ目 111111 旧一万円札 ピン札 ホログラムなし 珍番号,,,h3:聖徳太子一万円札の買取価格,,h2:参考文献,h3:投票日当日に自民党が新聞広告 「公選法違反では」と疑問の声、弁護士は「選挙のルールを明確な形で示すべき」,,,h4:エラー紙幣,
,,h3:一万円札でホログラムがないのはどれですか？,h3:【1円スタート】 RS111111S　ゾロ目　ピン札　旧一万円札　旧紙幣　新紙幣　福沢諭吉,h2:高値で買取されやすい旧一万円札の特徴,h3:注目情報,,h3:9：ZZ-Z券である,h3:福沢諭吉 旧紙幣 珍番号 000001 旧一万円札 ピン札 ホログラムなし,,,h4:未使用品の価格,,h2:関連項目,h3:「次は辞退して」オリンピック選手に6万件超の誹謗中傷　応援のつもりでも罪になる？　弁護士が解説,,,h2:おすすめの一万円札買取業者4選,
,,h3:ホログラムがついていないお札は使えますか？,h3:【希少番号】福沢諭吉 一万円札　 珍番号　階段AR123456R 旧紙幣 若番号 ゾロ目 ピン札,h3:エラープリント,h4:特殊発光インキとマイクロ文字を追加しました。,,h3:10：印鑑が印刷されていない,h3:旧紙幣 福沢諭吉 ホログラムなし 旧一万円札 新札 ピン札,,,h4:使用済み品の価格,,h2:外部リンク,h3:田久保真紀前市長の自宅に家宅捜索　それでも卒業証書を「出さない」なら無罪に？　弁護士が解説,,,h3:福ちゃん,
,,h2:ホログラムなしの一万円札は偽札？のまとめ,h3:折り目無し　 福沢諭吉 一万円札　キリ番　GW800000V 日本銀行券 旧紙幣,h3:福耳つき,h2:C一万円券,,h2:旧一万円札を買い取ってもらうときの注意点4つ,h3:【1円スタート】MK000005　ホログラムなし　若番　未使用　旧一万円札　旧紙幣　新紙幣　福沢諭吉,,,h4:特殊な記番号品の価格,,,h3:りくりゅう金メダルにSNS祝福殺到、「結婚してほしい」はおせっかい？　法的ラインを弁護士が解説,,,h3:高く売れるドットコム,
,,h3:関連記事,h3:旧紙幣 一万円札 Y−Y券 福沢諭吉 コレクション,h3:通し番号が珍しい,h2:C五千円券,,h3:1：偽札ではないか確認する,h3:旧紙幣 福沢諭吉 ホログラムなし 旧一万円札 新札 ピン札 9Z 縁起物,,,h3:福沢諭吉一万円札の買取価格,,,,,,h3:バイセル,
,,h3:記事監修（鑑定士）,h3:旧一万円札 ホログラムなし 大蔵省 ピン札 福沢諭吉 旧紙幣 一万円札！,h3:AA券,h2:C千円券,,h3:2：可能であれば鑑定書をつける,h3:福沢諭吉 旧一万円札 ホログラムなし 大蔵省印刷局 　記番号　褐色　ピン札　 U,,,h4:未使用品の価格,,,,,,h3:おいくら,
,,,h3:超レア　珍番・準ゾロ目札　10000円　VV112233K 福沢諭吉 強運　お守り　金運　財運 旧紙幣 一万円札 ピン札,h3:ZZ-Z券,h2:C五百円券,,h3:3：額面割れに気をつける,h3:旧紙幣 福沢諭吉 ホログラムなし 旧一万円札 新札 ピン札,,,h4:使用済み品の価格,,,,,,h2:一万円札買取業者の選び方,
,,,h3:【ゾロ目】福沢諭吉一万円札　MN111111S 旧一万円札 1万円　コレクション　★22,h2:旧一万円札を高値で買取してもらうコツ,h2:B千円券,,h3:4：過度に汚れを落とさないようにする,h3:福沢諭吉 一万円札 10000円札 日本銀行券 D券 ホログラムなし 黒色記番号 WL006090Z,,,h4:特殊な記番号品の価格,,,,,,h3:紙幣の取り扱いに慣れた専門業者を選ぶ,
,,,h3:旧紙幣 WK888088R 末広がり 準ゾロ目 ゾロ目崩れ 福沢諭吉 一万円札 壱万円札 10000円札 旧札 日本銀行券,h3:早く買取に出す,h2:B五百円券,,h2:旧一万円札を買い取ってもらうには,h3:旧一万円札 ホログラムなし 大蔵省 ピン札 福沢諭吉 旧紙幣 一万円札,,,h2:レアな旧一万円札を高く売るためのポイント,,,,,,h3:査定料・手数料が無料の業者を選ぶ,
,,,h3:福沢諭吉 珍番 旧紙幣 一万円札 ピン札 準ゾロ目　000001番　美品,h3:鑑定書とセットで買取に出す,h2:B百円券,,h2:旧一万円札へと繋がる歴史！日本初の紙幣3選,h3:旧一万円札 ホログラムなし 大蔵省 ピン札 福沢諭吉 旧紙幣 一万円札！,,,h3:自分で清掃しない,,,,,,h3:相場を公開している業者を選ぶ,
,,,h3:福沢諭吉 旧紙幣 珍番 一万円札 ピン札　900000番　美品,h3:汚れは落とさない,h2:B五十円券,,h3:1：日本初の紙幣「山田羽書」,h3:旧一万円札 ホログラムなし 大蔵省 ピン札 福沢諭吉 旧紙幣 一万円札,,,h3:鑑定書を活用する,,,,,,h2:一万円札を高く売るコツ,
,,,h3:旧福沢諭吉一万円札　記号色：黒色・褐色　2枚セット,h3:まとめて買取に出す,h2:A百円券,,h3:2：日本初の政府紙幣「太政官札」,h3:【1円スタート】　MK000004　ホログラムなし　若番　未使用　旧一万円札　旧紙幣　新紙幣　福沢諭吉,,,h3:複数の買取業者で相見積もりを取る,,,,,,h3:紙幣の状態を良好に保つ,
,,,h3:福沢諭吉 旧紙幣 珍番 ゾロ目 ピン札 一万円札　美品　888888番,h3:相見積りを取る,h2:A十円券,,h3:3：日本初の肖像画入り紙幣「改造紙幣」,h3:旧一万円札 ホログラムなし 大蔵省 ピン札 福沢諭吉 旧紙幣 一万円札,,,h2:レアな旧一万円札の真贋判定方法,,,,,,h3:複数業者に査定依頼する,
,,,h3:福沢諭吉 旧紙幣 ゾロ目 111111 旧一万円札 ピン札 ホログラムなし 珍番号,h2:旧一万円札のよくある質問,h2:A五円券,,h2:旧一万円札の価値を知って交換か買取か選んでみよう,h3:旧紙幣 福沢諭吉 ホログラムなし 旧一万円札 ピン札,,,h3:聖徳太子一万円札の見分け方,,,,,,h3:キャンペーンや査定アップ条件を利用する,
,,,h3:福沢諭吉 旧紙幣 珍番号 000001 旧一万円札 ピン札 ホログラムなし,h3:旧一万円札は今でも使える？,h2:A一円券,,h3:関連記事:,h3:旧紙幣 福沢諭吉 ホログラムなし 旧一万円札 ピン札,,,h3:福沢諭吉一万円札の見分け方,,,,,,h2:一万円札買取時の注意点,
,,,h3:③【ゾロ目！】福沢諭吉　 一万円札　10000円 ピン札 日本銀行券 旧紙幣　キリ番 良番 珍番 ★19,h3:偽物を見抜く方法は？,h2:い一円券,,h3:最新情報,h3:旧紙幣 福沢諭吉 ホログラムなし 旧一万円札 新札 ピン札,,,h2:旧一万円札に関するよくある質問,,,,,,h3:銀行では額面でしか扱われない,
,,,h3:ゾロ目　ＬＵ555555Ｅ　旧紙幣 福沢諭吉　一万円札円　珍番号　 日本紙幣　 お札　グッズ　お金　コレクション,h2:まとめ,h2:改造一円券,,h3:カテゴリ,h3:旧紙幣 福沢諭吉 ホログラムなし 旧一万円札 美品,,,h3:現在も使用できる？,,,,,,h3:紙幣の折れ・破れは大幅減額につながる,
,,,h3:日本銀行券 一万円札 ピン札 連番 福沢諭吉　10枚セット 旧紙幣 コレクション,h4:最新記事,h2:旧一円券,,h3:お電話・メールでのご相談無料！,h3:旧紙幣 福沢諭吉 ホログラムなし 旧一万円札 美品,,,h3:銀行での両替は可能？,,,,,,h3:エラー紙幣かどうかの判断は専門知識が必要,
,,,h3:旧紙幣 福沢諭吉 ホログラムなし 旧一万円札 新札 ピン札,h4:カテゴリー,h2:関連コンテンツ,,h3:自由に選べるハッピープライスの買取方法,h3:旧一万円札 ホログラムなし 大蔵省 ピン札 福沢諭吉 旧紙幣 一万円札！,,,h3:保管方法は？,,,,,,h2:一万円札買取のよくある質問,
,,,h3:【1円スタート】MK000005　ホログラムなし　若番　未使用　旧一万円札　旧紙幣　新紙幣　福沢諭吉,h4:買取をお考えの方は,h2:こちらもおすすめ,,h3:ブランド時計買取,h3:旧紙幣 福沢諭吉 ホログラムなし 旧一万円札 アルファベット一桁 ピン札,,,h2:まとめ,,,,,,h3:銀行と買取業者ではどちらに持ち込むべきですか？,
,,,h3:【AA899990N】AA券　ゾロ目　キリ番　旧一万円札　旧紙幣　新紙幣　福沢諭吉,h4:このメディアもおすすめ,h2:お札,,h3:ブランドバッグ買取,h3:旧紙幣 福沢諭吉 ホログラムなし 旧一万円札 アルファベット一桁,,,,,,,,,h3:汚れや折れがあっても買取してもらえますか？,
,,,h3:一万円札 珍番号 福沢諭吉 KT337777M ピン札　 日本銀行券　 旧紙幣　 珍番　 ゾロ目,h4:PR,,,h3:宝石・ジュエリー買取,h3:福沢諭吉 一万円札 10000円札 日本銀行券 D券 ホログラムなし ピン札 連番2枚 KR361049H-KR361050H,,,,,,,,,h3:新しい渋沢栄一の一万円札も売れますか？,
,,,h3:旧紙幣 福沢諭吉 ホログラムなし 旧一万円札 新札 ピン札 9Z 縁起物,,,,h3:金・貴金属買取,h3:旧紙幣 福沢諭吉 ホログラムなし 旧一万円札 ピン札,,,,,,,,,h3:複数枚まとめて査定してもらうことはできますか？,
,,,h3:福沢諭吉 旧一万円札 ホログラムなし 大蔵省印刷局 　記番号　褐色　ピン札　 U,,,,h3:着物買取,h3:旧一万円札 ホログラムなし 大蔵省 ピン札 福沢諭吉 旧紙幣 一万円札,,,,,,,,,h3:売却せずに保管した方が価値が上がりますか？,
,,,h3:0104B57　旧日本銀行券　福沢諭吉　旧一万円札　『A 065853 A」』A・A券,,,,h3:切手買取,h3:旧一万円札 ホログラムなし 大蔵省 ピン札 福沢諭吉 旧紙幣 一万円札,,,,,,,,,h2:一万札の買取は専門業者がおすすめ,
,,,h3:0104B52　旧日本銀行券　福沢諭吉　旧一万円札　ゾロ目　『KY666666A』,,,,h3:古銭買取,h3:旧紙幣 福沢諭吉 一万円札 ホログラムなし アルファベット１桁,,,,,,,,,h3:関連記事,
,,,h3:旧紙幣 福沢諭吉 ホログラムなし 旧一万円札 新札 ピン札,,,,h3:毛皮買取,h3:旧紙幣 福沢諭吉 ホログラムなし 旧一万円札 ピン札,,,,,,,,,h4:アメリカ硬貨の買取おすすめ業者3選！レアコインの...,
,,,h3:レア 福沢諭吉 A553030A 10000円札 一万円札 壱万円札 AA 紙幣 旧紙幣 古紙幣 昔のお金 お札 ゾロ目 連番 AA券 A始まりA終わり,,,,h3:骨董品買取,h3:旧紙幣 福沢諭吉 ホログラムなし 旧一万円札 ピン札,,,,,,,,,h4:旧一万円札売るならどこがいい？価値は？レアな一万...,
,,,h3:旧一万円札 ホログラムなし 大蔵省 ピン札 福沢諭吉 旧紙幣 一万円札,,,,h3:金券・テレホンカード買取,h3:旧一万円札 ホログラムなし 大蔵省 ピン札 福沢諭吉 旧紙幣 一万円札,,,,,,,,,h4:小判買取おすすめ業者3選！小判の価値は？買取価格...,
,,,h3:旧一万円札　福沢諭吉　キリ番 300000 珍番,,,,h3:カメラ買取,h3:旧紙幣 福沢諭吉 ホログラムなし 旧一万円札 美品,,,,,,,,,h4:一朱銀の価値は？買取価格相場と買取おすすめ業者3...,
,,,h3:日本銀行券 旧一万円札 福沢諭吉 1万円札 旧紙幣 キリ番XE100000M コレクション 折り目あり ★8,,,,h3:楽器買取,h3:旧紙幣 福沢諭吉 ホログラムなし 旧一万円札 ピン札,,,,,,,,,h4:古銭の処分方法5選！昔のお金は捨てても平気？換金...,
,,,h3:旧一万円札 ホログラムなし 大蔵省 ピン札 福沢諭吉 旧紙幣 一万円札！,,,,h3:ブランド衣類買取,h3:旧一万円札 ホログラムなし 大蔵省 ピン札 福沢諭吉 旧紙幣 一万円札。,,,,,,,,,h4:天保通宝の買取おすすめ業者3選！天保通宝の価値は...,
,,,h3:旧一万円札 ホログラムなし 大蔵省 ピン札 福沢諭吉 旧紙幣 一万円札,,,,h3:ガジェット買取,h3:[準ゾロ目/珍番号] 福沢諭吉 10000円札 JX344444D 旧 一万円札 ホログラムなし 壱万円札 紙幣 日本銀行券 古紙幣 旧紙幣 同梱可,,,,,,,,,h4:旧五千円札売るならどこがいい？価値は？歴代人物や...,
,,,h3:☆☆☆　旧紙幣 福沢諭吉 一万円札　大蔵省　褐色 ホログラム無し きじ 壱万円札　☆☆☆,,,,h3:その他買取できるもの,h3:福沢諭吉 一万円札 10000円札 日本銀行券 D券 ホログラムなし FE039505S,,,,,,,,,h4:希少価値のある古銭一覧！買取価格相場やおすすめ業...,
,,,h3:旧福沢諭吉一万円札ホログラム無しピン札　大蔵省褐色,,,,,h3:旧一万円札 ホログラムなし 大蔵省 ピン札 福沢諭吉 旧紙幣 一万円札,,,,,,,,,h2:編集部おすすめ,
,,,h3:【1円スタート】　MK000004　ホログラムなし　若番　未使用　旧一万円札　旧紙幣　新紙幣　福沢諭吉,,,,,h3:福沢諭吉一万円札／ホログラムなし,,,,,,,,,h3:車買取おすすめ業者比較！車を売るならどこがいい？,
,,,h3:福沢諭吉PS333333J 旧一万円札 ゾロ目 ピン札金運アップ金運を呼び込む最強の3のゾロ目,,,,,h3:旧一万円札 ホログラムなし 大蔵省 ピン札 福沢諭吉 旧紙幣 一万円札,,,,,,,,,h3:バイク買取おすすめ比較！売るならどこがいい？,
,,,h3:旧一万円札 ホログラムなし 大蔵省 ピン札 福沢諭吉 旧紙幣 一万円札,,,,,h3:福沢諭吉 一万円札 10000円札 日本銀行券 D券 ホログラムなし ピン札 連番2枚 UA594841N-UA594842N,,,,,,,,,h3:ブランド買取おすすめ業者比較！高価買取のコツも,
,,,h3:ピン札 一万円札 VV券 紙幣 新札 10000円札 福沢諭吉 旧紙幣,,,,,h3:,,,,,,,,,h3:本買取おすすめ比較！宅配買取も解説,
,,,h2:人気のメーカー・ブランド,,,,,,,,,,,,,,h3:フィギュア買取おすすめ業者比較！高価買取のコツも,
,,,h3:,,,,,,,,,,,,,,h2:新着記事,
,,,,,,,,,,,,,,,,,h3:Pixel売るならどこがいい？おすすめ買取業者6選！シリーズごとの買取相場・買取と下取りどちら？,
,,,,,,,,,,,,,,,,,h3:Galaxy売るならどこがいい？おすすめ買取業者4選！各シリーズの買取相場や高く売るコツも,
,,,,,,,,,,,,,,,,,h3:ゲーミングPC売るならどこ？【2026年2月】おすすめ買取業者16選！高価買取のコツも紹介,
,,,,,,,,,,,,,,,,,h3:【2026年2月】Xperia売るならどこがいい？買取相場とおすすめ業者5選！高く売るコツをプロが解説,
,,,,,,,,,,,,,,,,,h2:カテゴリー,